-- phpMyAdmin SQL Dump
-- version 4.1.12
-- http://www.phpmyadmin.net
--
-- Host: 127.0.0.1
-- Generation Time: 31 Jan 2017 pada 11.38
-- Versi Server: 5.6.16
-- PHP Version: 5.5.11

SET SQL_MODE = "NO_AUTO_VALUE_ON_ZERO";
SET time_zone = "+00:00";


/*!40101 SET @OLD_CHARACTER_SET_CLIENT=@@CHARACTER_SET_CLIENT */;
/*!40101 SET @OLD_CHARACTER_SET_RESULTS=@@CHARACTER_SET_RESULTS */;
/*!40101 SET @OLD_COLLATION_CONNECTION=@@COLLATION_CONNECTION */;
/*!40101 SET NAMES utf8 */;

--
-- Database: `mahasiswa`
--

-- --------------------------------------------------------

--
-- Struktur dari tabel `asal_sekolah`
--

CREATE TABLE IF NOT EXISTS `asal_sekolah` (
  `id_sekolah` int(2) NOT NULL AUTO_INCREMENT,
  `nama_sekolah` varchar(50) NOT NULL,
  PRIMARY KEY (`id_sekolah`)
) ENGINE=InnoDB  DEFAULT CHARSET=latin1 AUTO_INCREMENT=336 ;

--
-- Dumping data untuk tabel `asal_sekolah`
--

INSERT INTO `asal_sekolah` (`id_sekolah`, `nama_sekolah`) VALUES
(1, 'Home Scholing'),
(2, 'IGBS MA Darul Marhamah Cileungsi'),
(3, 'Kampus Trisakti'),
(4, 'Kejar Paket C'),
(5, 'MA - Annizhammiyah'),
(6, 'MA AL-Amin Cicurug Sukabumi'),
(7, 'MA Al-Mesturiah'),
(8, 'MA Darul Muttaqin Bogor'),
(9, 'MA Khusnul Khotimah Kuningan'),
(10, 'MA Manba''ul Ulum'),
(11, 'MA Negri Jonggol'),
(12, 'MA Tarbiyatul Huda'),
(13, 'MA Wasilatul Falah Rangkasbitung'),
(14, 'MAN 1 Purwodadi'),
(15, 'MAN 14 Jakarta'),
(16, 'MAN 15 Jakarta'),
(17, 'MAN 2 Cirebon'),
(18, 'MAN 2 Jakarta'),
(19, 'MAN 6 Jakarta'),
(20, 'MAN Panekan'),
(21, 'MAS Nurul Quran'),
(22, 'MAS Sahid Bogor'),
(23, 'Ponpes Daarul rahman'),
(24, 'SMA 1 Cawang'),
(25, 'SMAN 102 Jakarta'),
(26, 'SMA Al - Ma''ruf'),
(27, 'SMA AL- MUBAROK'),
(28, 'SMA Al Mu''hadul Islam'),
(29, 'SMA AL-Muslim'),
(30, 'SMA ANANDA Batam'),
(31, 'SMA Angkasa  1 Halim'),
(32, 'SMA Angkasa 2 Jakarta'),
(33, 'SMA AR - Ridwan BekasI'),
(34, 'SMA Ar-Rowiyah Bangkalan'),
(35, 'SMA Assalam Sukoharjo'),
(36, 'SMA Bina Dharma Jakarta timur'),
(37, 'SMA Bina Pangudi Luhur Jakarta Timur'),
(38, 'SMA Bina Pendidikan'),
(39, 'SMA Bina Pendidikan Ciangsana'),
(40, 'SMA Bintara Depok'),
(41, 'SMA Budaya'),
(42, 'SMA Budi Mulia Bogor'),
(43, 'SMA Budi Murni medan'),
(44, 'SMA Budi Utomo'),
(45, 'SMA Budiwarman 2 Cibubur'),
(46, 'SMA Bunda Hati Kudus Cibubur'),
(47, 'SMA Citra Madani cibinong'),
(48, 'SMA Darul Quran Bekasi'),
(49, 'SMA Eka Wijaya Cibinong'),
(50, 'SMA Fajar Dunia Cileungsi Bogor'),
(51, 'SMA Gast 2 Poso'),
(52, 'SMA Hangtuah 1'),
(53, 'SMA HKBP Panguyuran'),
(54, 'SMA Hutama Bekasi'),
(55, 'SMA Indocement'),
(56, 'SMA Islam Almaruf Cibubur'),
(57, 'SMA Islam AS-Shofa Pekanbaru'),
(58, 'SMA Islam Assyafiyah'),
(59, 'SMA Islam Darusalam Jatiasih'),
(60, 'SMA Islam Darussalam Depok'),
(61, 'SMA IT Daarul Rahman Depok'),
(62, 'SMA IT Yapid'),
(63, 'SMA Jaya Wisata'),
(64, 'SMA Labschool Kaizen Bekasi'),
(65, 'SMA Ma''arif NU Solokuro Lamongan'),
(66, 'SMA Mahadika 3 Jakarta Timur'),
(67, 'SMA Malahayati Jakarta Timur'),
(68, 'SMA Malidar BEKASI'),
(69, 'SMA Mandalahayu Bekasi'),
(70, 'SMA Marsudirini Muntilan'),
(71, 'SMA Martia Bhakti Bekasi'),
(72, 'SMA Muhammadiyah 1 Cileungsi'),
(73, 'SMA Muhammadiyah 11 Rawamangun'),
(74, 'SMA Muhammadyah 13 Jakarta Barat'),
(75, 'SMA Mutiara Baru Bekasi'),
(76, 'SMAN 1 Sebedong Pontianak'),
(77, 'SMA Nasional 1 Bekasi'),
(78, 'SMA NU 1 Gresik'),
(79, 'SMA Nusa Melati'),
(80, 'SMA Pangudi Luhur 2 Bekasi'),
(81, 'SMA PB Soedirman'),
(82, 'SMA Perguruan Advent Salemba'),
(83, 'SMA Perguruan Cikini'),
(84, 'SMA Perguruan Rakyat 3 Jakarta Timur'),
(85, 'SMA Pesantren Al Taqwa Bogor'),
(86, 'SMA PGRI 4 Cipayung'),
(87, 'SMA PKP JIS Cibubur'),
(88, 'SMA Plus Cendika Cikeas'),
(89, 'SMA PST Cintawana Tasikmalaya'),
(90, 'SMA Sandikta Bekasi'),
(91, 'SMA Santika Jakarta Timur'),
(92, 'SMA Sejahtera 1 Depok'),
(93, 'SMA Swasta Santa Maria'),
(94, 'SMA Tugu Ibu Depok'),
(95, 'SMA Tulus Bhakti Bekasi'),
(96, 'SMA Widya Kusuma Cileungsi'),
(97, 'SMA Yadika 11 Bekasi'),
(98, 'SMA Yadika 13 Tambun'),
(99, 'SMA Yadika 4 Jatiwaringin'),
(100, 'SMA Yadika 8 Bekasi'),
(101, 'SMA Yapemri Depok'),
(102, 'SMA YAPIDA'),
(103, 'SMA Yapidh'),
(104, 'SMA Yapisa'),
(105, 'SMA YKPP Pendopo Palembang'),
(106, 'SMAIT Insantama'),
(107, 'SMAIT Nurul Fikri Banten'),
(108, 'SMAIT Yapidh Bekasi'),
(109, 'SMAN  53 Jakarta'),
(110, 'SMAN  58 Jakarta'),
(111, 'SMAN 1 Adonara Timur'),
(112, 'SMAN 1 Bahodapi'),
(113, 'SMAN 1 Banjar Negara'),
(114, 'SMAN 1 Bantarujeg'),
(115, 'SMAN 1 Banyudono'),
(116, 'SMAN 1 Bekasi'),
(117, 'SMAN 1 Bengkulu'),
(118, 'SMAN 1 Bojong'),
(119, 'SMAN 1 Cibarusah'),
(120, 'SMAN 1 Cibinong'),
(121, 'SMAN 1 Cibitung'),
(122, 'SMAN 1 CiCURUG'),
(123, 'SMAN 1 Cikarang Barat'),
(124, 'SMAN 1 Cikarang Utara'),
(125, 'SMAN 1 Cileungsi'),
(126, 'SMAN 1 Citeureup'),
(127, 'SMAN 1 Gunung Putri'),
(128, 'SMAN 1 Jambi'),
(129, 'SMAN 1 Jatisari'),
(130, 'SMAN 1 jonggol'),
(131, 'SMAN 1 Karang Nunggal '),
(132, 'SMAN 1 Karawang'),
(133, 'SMAN 1 Klapa nunggal'),
(134, 'SMAN 1 Kuala Buang'),
(135, 'SMAN 1 Palu'),
(136, 'SMAN 1 Patahanan'),
(137, 'SMAN 1 Rantepao'),
(138, 'SMAN 1 Setu'),
(139, 'SMAN 1 Sibulga'),
(140, 'SMAN 1 Sumbul'),
(141, 'SMAN 1 Tanjung Pandan'),
(142, 'SMAN 10 Bekasi'),
(143, 'SMAN 10 Jakarta'),
(144, 'SMAN 105 Jakarta'),
(145, 'SMAN 11 Bekasi'),
(146, 'SMAN 11 Semarang'),
(147, 'SMAN 11 Tangerang'),
(148, 'SMAN 113 Jakarta'),
(149, 'SMAN 12 Bekasi'),
(150, 'SMAN 15 Bekasi'),
(151, 'SMAN 16 Bekasi'),
(152, 'SMAN 17 Bekasi'),
(153, 'SMAN 2 Bengkulu'),
(154, 'SMAN 2 Bogor'),
(155, 'SMAN 2 Bukit Tinggi '),
(156, 'SMAN 2 Gunung Putri'),
(157, 'SMAN 2 Jambi'),
(158, 'SMAN 2 Mejayan'),
(159, 'SMAN 2 Purwakarta'),
(160, 'SMAN 2 Tambun Utara'),
(161, 'SMAN 25 Bandung'),
(162, 'SMAN 3 Bekasi'),
(163, 'SMAN 3 Cimahi'),
(164, 'SMAN 3 Depok'),
(165, 'SMAN 3 Karawang'),
(166, 'SMAN 3 Pagar Alam'),
(167, 'SMAN 3 Tangerang Selatan'),
(168, 'SMAN 3 Temanggung'),
(169, 'SMAN 4 Bekasi'),
(170, 'SMAN 4 Depok'),
(171, 'SMAN 42 Jakarta'),
(172, 'SMAN 45 Jakarta '),
(173, 'SMAN 5 Bekasi'),
(174, 'SMAN 5 Denpasar'),
(175, 'SMAN 5 Jakarta'),
(176, 'SMAN 50 Jakarta'),
(177, 'SMAN 58 Jakarta'),
(178, 'SMAN 6 Bekasi'),
(179, 'SMAN 6 Depok'),
(180, 'SMAN 6 Surabaya'),
(181, 'SMAN 6 Tangerang'),
(182, 'SMAN 62 Jakarta'),
(183, 'SMAN 64 Jakarta'),
(184, 'SMAN 67 Jakarta'),
(185, 'SMAN 68 Jakarta'),
(186, 'SMAN 7 Bekasi'),
(187, 'SMAN 7 Depok'),
(188, 'SMAN 7 Jakarta'),
(189, 'SMAN 73 Jakarta'),
(190, 'SMAN 8 Bekasi'),
(191, 'SMAN 8 Bogor'),
(192, 'SMAN 8 Mandau'),
(193, 'SMAN 83 Jakarta'),
(194, 'SMAN 88 Jakarta'),
(195, 'SMAN 9 Jakarta'),
(196, 'SMAN 98 Jakarta'),
(197, 'SMAN 99 Jakarta'),
(198, 'SMAN 99 Jakarta '),
(199, 'SMAN PGRI plus Cibinong'),
(200, 'SMAN PSKD 7 Depok'),
(201, 'SMAN Swadaya Bandung'),
(202, 'SMAN Unggulan Sukma Nias'),
(203, 'SMAS 05 Cendana Duri Riau'),
(204, 'SMAS Pusaka Nusantara 2 Bekasi'),
(205, 'SMAS Supriyadi Medan'),
(206, 'SMIP Jayawisata 1  Jakarta Timur'),
(207, 'SMK 16 Asar Pindad Bandung'),
(208, 'SMK Al - Muhajirin Bekasi'),
(209, 'SMK Al-Bahri'),
(210, 'SMK Al-Bahri Bekasi'),
(211, 'SMK Al-Hadid 1 Cileungsi'),
(212, 'SMK Al-Ma''ruf'),
(213, 'SMK Al-ma''ruf Cibubur'),
(214, 'SMK Analis Labiumet'),
(215, 'SMK Analis Tunas Medika Jakarta Timur'),
(216, 'SMK Ananda Bekasi'),
(217, 'SMK Angkasa 1'),
(218, 'SMK Angkasa 1 Jakarta Timur'),
(219, 'SMK Annur Cilengsi'),
(220, 'SMK Arjuna Depok'),
(221, 'SMK Baranangsiang'),
(222, 'SMK Batur jaya Klaten'),
(223, 'SMK Bina  Pendidikan 3 Ciangsana'),
(224, 'SMK Bina Dharma Ciracas'),
(225, 'SMK Bina Husada Mandiri'),
(226, 'SMK Bina Husana Mandiri'),
(227, 'SMK Bina Karya Mandiri 2 Bekasi'),
(228, 'SMK Bina Karya Mandiri Bekasi'),
(229, 'SMK Bina Mandiri Bintara'),
(230, 'SMK Bina Pendidikan 3 Ciangsana'),
(231, 'SMK Bina Prestasi Islam Bekasi'),
(232, 'SMK BPS&K 2 Jakarta'),
(233, 'SMK Budhi Warman 1 Jakarta'),
(234, 'SMK Budiniah '),
(235, 'SMK Caraka Nusantara'),
(236, 'SMK Dewi Sartika Jakarta Barat'),
(237, 'SMK Dewi Sartika Jakarta timur'),
(238, 'SMK Dinamika Pembangunan Jakarta Timur'),
(239, 'SMK Farmasi Anisa'),
(240, 'SMK Farmasi Bhakti Kencara Bogor'),
(241, 'SMK Grafika Lenteng Agung'),
(242, 'SMK HKTI Banjarnegara'),
(243, 'SMK Hutama Bekasi'),
(244, 'SMK Insan Teknologi'),
(245, 'SMK Islam Al Amanah Salem Brebes'),
(246, 'SMK Islam Malahayati'),
(247, 'SMK Islam PB Soedirman 1 Jakarta Timur'),
(248, 'SMK Islam PB Soedirman 2 Jakarta Timur'),
(249, 'SMK Islam Yasmin Cibubur'),
(250, 'SMK Josua Jakarta Barat'),
(251, 'SMK Karta Putra Bangsa'),
(252, 'SMK Karya Bahana Mandiri'),
(253, 'SMK Karya Bhakti 1'),
(254, 'SMK Karya putra bangsa'),
(255, 'SMK Madya DEPOK'),
(256, 'SMK Mahadika '),
(257, 'SMK Mercu Suar Jakarta Timur'),
(258, 'SMK Mitra Nusantara'),
(259, 'SMK Muhammadiyah 2 Cileungsi'),
(260, 'SMK Muhammadiyah 3 Cileungsi'),
(261, 'SMK Muhammadyah 1 Cileungsi'),
(262, 'SMK Nurul Hikmah Jonggol'),
(263, 'SMK Nusantara'),
(264, 'SMK Nusantara Wisata Jakarta Timur'),
(265, 'SMK Otomindo Cibubur'),
(266, 'SMK Patriot Bekasi'),
(267, 'SMK Pawytran Daha 1 kediri'),
(268, 'SMK Pembaharuan Purworejo'),
(269, 'SMK Pembnas Purwodadi'),
(270, 'SMK PGRI 16 Cipayung'),
(271, 'SMK PGRI 20 Cibubur'),
(272, 'SMK PIjar Alam 2 Cileungsi'),
(273, 'SMK PKP 1 Jakarta Timur'),
(274, 'SMK PKP 2 jakarta Timur'),
(275, 'SMK Prestasi Prima Cipayung'),
(276, 'SMK Purnama 2 gombang'),
(277, 'SMK Regina Pacis Flores'),
(278, 'SMK Sahid Jakarta'),
(279, 'SMK Sandikta Bekasi'),
(280, 'SMK Strada Budi Luhur'),
(281, 'SMK Sumberdaya Bekasi'),
(282, 'SMK Sumpah Pemuda 02'),
(283, 'SMK T.I Mambaul Ulum'),
(284, 'SMK Taman Harapan Bekasi'),
(285, 'SMK Tarakanita Jakarta Selatan'),
(286, 'SMK Taruna Bangsa Bekasi'),
(287, 'SMK Taruna Bhakti Depok'),
(288, 'SMK Telekomunikasi Telesandi Bekasi'),
(289, 'SMK Tunas Jakasampurna'),
(290, 'SMK Yadika 11 Bekasi'),
(291, 'SMK Yadika 13 Tambun'),
(292, 'SMK Yadika 6 Bekasi'),
(293, 'SMK Yadika 8 Bekasi'),
(294, 'SMKN 1 Bekasi'),
(295, 'SMKN 1 Bengkulu tengah'),
(296, 'SMKN 1 Cariu'),
(297, 'SMKN 1 Cianjur'),
(298, 'SMKN 1 Cibarusah'),
(299, 'SMKN 1 Cibinong '),
(300, 'SMKN 1 Cikarang'),
(301, 'SMKN 1 Depok '),
(302, 'SMKN 1 Dusun tengah'),
(303, 'SMKN 1 Gunung Putri'),
(304, 'SMKN 1 Kisaran'),
(305, 'SMKN 1 Mundu'),
(306, 'SMKN 1 Salatiga'),
(307, 'SMKN 1 Seragi Pekalongan'),
(308, 'SMKN 1 Setu'),
(309, 'SMKN 10 Bekasi'),
(310, 'SMKN 2 Bekasi'),
(311, 'SMKN 2 Cikarang Barat'),
(312, 'SMKN 2 Garut'),
(313, 'SMKN 2 Pekalongan'),
(314, 'SMKN 2 slawi'),
(315, 'SMKN 2 Ternate'),
(316, 'SMKN 22 Jakarta'),
(317, 'SMKN 26 Jakarta '),
(318, 'SMKN 3 Bekasi'),
(319, 'SMKN 3 Jakarta'),
(320, 'SMKN 3 Kuningan'),
(321, 'SMKN 3 Manado'),
(322, 'SMKN 4 Bekasi'),
(323, 'SMKN 48 Jakarta'),
(324, 'SMKN 5 Bekasi'),
(325, 'SMKN 51 Jakarta'),
(326, 'SMKN 52 Jakarta'),
(327, 'SMKN 58 Jakarta'),
(328, 'SMKN 6 bekasi'),
(329, 'SMKN 6 Malang'),
(330, 'SMKN 7 Bekasi'),
(331, 'SMKT 1 Yapispida'),
(332, 'SMTK Bethel Jakarta Pusat'),
(333, 'SMU Swasta Teladan'),
(334, 'TBM Titian Mandiri'),
(335, 'Yayasan Pendidikan Karya Tangerang');

-- --------------------------------------------------------

--
-- Struktur dari tabel `gelombang_masuk`
--

CREATE TABLE IF NOT EXISTS `gelombang_masuk` (
  `id_gelombang` int(2) NOT NULL AUTO_INCREMENT,
  `nama_gelombang` varchar(30) NOT NULL,
  PRIMARY KEY (`id_gelombang`)
) ENGINE=InnoDB  DEFAULT CHARSET=latin1 AUTO_INCREMENT=9 ;

--
-- Dumping data untuk tabel `gelombang_masuk`
--

INSERT INTO `gelombang_masuk` (`id_gelombang`, `nama_gelombang`) VALUES
(1, 'Gelombang 1'),
(2, 'Gelombang 2'),
(3, 'Gelombang 3'),
(4, 'Gelombang 4'),
(5, 'Gelombang 5'),
(6, 'OSS'),
(7, 'PBM'),
(8, 'PBM Unggul');

-- --------------------------------------------------------

--
-- Struktur dari tabel `mahasiswa`
--

CREATE TABLE IF NOT EXISTS `mahasiswa` (
  `nim` int(11) NOT NULL AUTO_INCREMENT,
  `nama` varchar(50) NOT NULL,
  `id_prodi` int(2) NOT NULL,
  `id_sekolah` int(2) NOT NULL,
  `id_pj` int(2) NOT NULL,
  `id_gelombang` int(2) NOT NULL,
  `id_status` int(2) NOT NULL,
  `tanggal_daftar` date NOT NULL,
  PRIMARY KEY (`nim`),
  KEY `id_prodi` (`id_prodi`,`id_sekolah`,`id_pj`,`id_gelombang`,`id_status`),
  KEY `id_sekolah` (`id_sekolah`),
  KEY `id_pj` (`id_pj`),
  KEY `id_gelombang` (`id_gelombang`),
  KEY `id_status` (`id_status`)
) ENGINE=InnoDB  DEFAULT CHARSET=latin1 AUTO_INCREMENT=671 ;

--
-- Dumping data untuk tabel `mahasiswa`
--

INSERT INTO `mahasiswa` (`nim`, `nama`, `id_prodi`, `id_sekolah`, `id_pj`, `id_gelombang`, `id_status`, `tanggal_daftar`) VALUES
(1, 'Stefanus', 3, 46, 3, 7, 1, '2014-05-24'),
(2, 'Fadhly', 1, 97, 1, 6, 2, '2014-06-26'),
(3, 'Ayu', 4, 90, 1, 1, 2, '2014-06-30'),
(4, 'Absar', 5, 118, 3, 1, 2, '2014-08-01'),
(5, 'Jovita', 15, 187, 3, 8, 1, '2015-05-06'),
(6, 'Intan', 3, 161, 3, 7, 1, '2015-02-23'),
(7, 'Muhammad Guntur', 3, 132, 3, 7, 1, '2014-08-14'),
(8, 'Peter', 2, 96, 6, 7, 1, '2014-07-01'),
(9, 'Aulya', 9, 288, 2, 7, 1, '2015-07-30'),
(10, 'Resin', 1, 156, 2, 7, 1, '2015-01-06'),
(11, 'Adam', 15, 288, 2, 7, 1, '2015-07-14'),
(12, 'Rifky', 5, 201, 3, 7, 1, '2015-05-25'),
(13, 'Tita', 6, 109, 4, 7, 1, '2014-08-19'),
(14, 'Ramadhan', 9, 232, 7, 7, 1, '2015-06-15'),
(15, 'Harris', 7, 177, 4, 1, 2, '2015-03-02'),
(16, 'Nur', 9, 288, 2, 7, 1, '2015-07-30'),
(17, 'Susilo', 7, 267, 3, 1, 2, '2015-03-07'),
(18, 'Desi', 2, 199, 6, 1, 2, '2015-05-23'),
(19, 'Aliesha', 13, 178, 2, 7, 1, '2015-03-03'),
(20, 'Messy', 3, 97, 1, 1, 2, '2014-07-03'),
(21, 'Intan', 4, 77, 2, 8, 1, '2014-07-02'),
(22, 'Lailil', 3, 186, 4, 7, 1, '2015-04-14'),
(23, 'Alicia', 8, 110, 4, 1, 2, '2014-07-21'),
(24, 'Siska', 3, 275, 2, 1, 2, '2015-07-24'),
(25, 'thasya', 6, 87, 7, 7, 1, '2014-06-28'),
(26, 'Rizal', 7, 186, 1, 7, 1, '2015-04-14'),
(27, 'Jessica', 3, 80, 6, 1, 2, '2014-06-24'),
(28, 'Abel', 7, 145, 4, 1, 2, '2014-08-19'),
(29, 'Fauzia', 9, 273, 1, 1, 2, '2015-07-23'),
(30, 'Nida ', 7, 186, 1, 7, 1, '2015-04-15'),
(31, 'Ayu', 4, 186, 1, 7, 1, '2015-04-20'),
(32, 'Nadia', 1, 285, 3, 1, 2, '2015-07-30'),
(33, 'Fauzy', 3, 145, 4, 1, 2, '2014-08-20'),
(34, 'Rifani', 4, 183, 6, 1, 2, '2015-04-04'),
(35, 'Bernardinus', 2, 279, 1, 7, 1, '2015-07-28'),
(36, 'Khoirunnisa', 10, 151, 1, 1, 2, '2014-12-06'),
(37, 'Rizky', 12, 307, 3, 1, 2, '2015-10-08'),
(38, 'Ferra', 10, 145, 4, 7, 1, '2014-08-20'),
(39, 'Nabilah', 15, 275, 2, 7, 1, '2015-07-24'),
(40, 'Nurdin', 4, 327, 4, 1, 2, '2015-12-12'),
(41, 'Rio', 11, 148, 6, 7, 1, '2014-08-23'),
(42, 'Eka', 5, 178, 2, 7, 1, '2015-03-05'),
(43, 'M. Firman', 11, 279, 1, 7, 1, '2015-07-28'),
(44, 'Annisa', 10, 145, 4, 7, 1, '2014-08-20'),
(45, 'Efrin', 7, 36, 3, 1, 2, '2014-04-28'),
(46, 'Giovani', 12, 31, 1, 7, 1, '2014-03-13'),
(47, 'Hamdani', 16, 24, 3, 2, 2, '2014-02-22'),
(48, 'Rudi', 7, 34, 3, 2, 2, '2014-04-24'),
(49, 'Raissa', 12, 186, 1, 7, 1, '2015-04-22'),
(50, 'Pratiwi', 13, 186, 1, 7, 1, '2015-04-20'),
(51, 'Anggit', 12, 115, 3, 1, 2, '2014-07-24'),
(52, 'weni', 3, 87, 1, 7, 1, '2014-06-29'),
(53, 'Aviva', 5, 278, 3, 2, 2, '2015-07-28'),
(54, 'Ekmi', 1, 168, 3, 1, 2, '2015-02-28'),
(55, 'Yogi', 9, 238, 3, 1, 2, '2015-06-20'),
(56, 'Rizki', 12, 127, 2, 2, 2, '2014-08-29'),
(57, 'Farhan', 3, 186, 1, 7, 1, '2015-04-22'),
(58, 'Muthia', 14, 148, 6, 7, 1, '2014-08-22'),
(59, 'Windy', 7, 186, 1, 7, 1, '2015-04-24'),
(60, 'Refli', 7, 195, 2, 7, 1, '2015-05-15'),
(61, 'Fathia', 5, 117, 3, 2, 2, '2014-07-24'),
(62, 'Nitomi', 1, 211, 5, 2, 2, '2015-05-31'),
(63, 'Kania', 6, 125, 2, 8, 1, '2014-08-06'),
(64, 'Syahputra', 9, 57, 3, 2, 2, '2014-06-05'),
(65, 'Syukur', 2, 310, 7, 2, 2, '2015-10-08'),
(66, 'Stephanie', 13, 90, 1, 7, 1, '2014-06-30'),
(67, 'Reyza', 4, 233, 4, 7, 1, '2015-06-13'),
(68, 'Andi', 7, 72, 5, 1, 2, '2014-06-16'),
(69, 'Reza', 15, 72, 6, 2, 2, '2014-08-26'),
(70, 'Bima', 1, 87, 7, 2, 2, '2014-06-29'),
(71, 'Esterlita', 6, 36, 1, 2, 2, '2014-04-29'),
(72, 'Nanda', 12, 271, 2, 2, 2, '2015-11-07'),
(73, 'Reva', 2, 145, 4, 2, 2, '2014-08-20'),
(74, 'Nur', 7, 113, 3, 2, 2, '2014-07-24'),
(75, 'Akmal', 12, 97, 1, 7, 1, '2014-06-26'),
(76, 'Rosa', 6, 36, 3, 2, 2, '2014-04-29'),
(77, 'Elisabeth', 3, 151, 1, 2, 2, '2014-12-08'),
(78, 'Theresia', 6, 178, 2, 2, 2, '2015-03-06'),
(79, 'Lolita', 13, 37, 3, 2, 2, '2014-06-24'),
(80, 'Elga', 6, 325, 4, 2, 2, '2015-12-12'),
(81, 'AhMad', 3, 13, 3, 1, 2, '2013-12-30'),
(82, 'Nita', 3, 249, 3, 2, 2, '2015-06-29'),
(83, 'Zsa Zsa', 6, 186, 1, 2, 2, '2015-04-27'),
(84, 'Syarah', 12, 97, 1, 7, 1, '2014-07-03'),
(85, 'Rifqi', 7, 40, 3, 2, 2, '2014-05-14'),
(86, 'Ayulia', 7, 174, 3, 2, 2, '2015-02-28'),
(87, 'Farisa', 3, 36, 3, 2, 2, '2014-04-29'),
(88, 'Raga', 2, 178, 2, 7, 1, '2015-03-06'),
(89, 'Stefani', 9, 32, 7, 2, 2, '2014-03-24'),
(90, 'Rut', 3, 96, 3, 2, 2, '2014-06-30'),
(91, 'Fahreza', 13, 72, 7, 7, 1, '2014-06-16'),
(92, 'Adika', 6, 2, 3, 2, 2, '2013-11-26'),
(93, 'Dimas', 1, 1, 3, 2, 2, '2013-11-12'),
(94, 'Septheana', 6, 31, 1, 2, 2, '2014-03-22'),
(95, 'Thio', 12, 127, 2, 5, 2, '2014-08-11'),
(96, 'Al-Aziz', 11, 252, 4, 5, 2, '2015-06-07'),
(97, 'Muhammad Al-Dino', 12, 186, 1, 2, 2, '2015-04-27'),
(98, 'Rifky', 2, 322, 4, 5, 2, '2015-12-12'),
(99, 'Lastiko', 6, 86, 4, 7, 1, '2014-06-28'),
(100, 'Aziz', 9, 268, 3, 5, 2, '2015-06-29'),
(101, 'Eko', 12, 303, 2, 5, 2, '2015-05-08'),
(102, 'Leonita', 14, 86, 4, 7, 1, '2014-06-28'),
(103, 'Ayu', 13, 178, 2, 5, 2, '2015-03-06'),
(104, 'Ayu', 7, 20, 3, 5, 2, '2014-02-09'),
(105, 'Tita', 1, 97, 1, 7, 1, '2014-07-03'),
(106, 'Sapto', 3, 183, 6, 5, 2, '2015-04-05'),
(107, 'Devy', 7, 125, 2, 7, 1, '2014-08-07'),
(108, 'Reza', 1, 152, 6, 5, 2, '2015-01-05'),
(109, 'Nia', 5, 162, 2, 5, 2, '2015-02-24'),
(110, 'Aliza', 15, 259, 5, 3, 2, '2015-06-07'),
(111, 'Nia', 6, 59, 3, 5, 2, '2014-04-28'),
(112, 'Bunga ', 6, 220, 3, 2, 2, '2015-06-03'),
(113, 'Fadhullah', 2, 150, 2, 5, 2, '2014-12-02'),
(114, 'Fachri', 13, 170, 5, 3, 2, '2015-02-28'),
(115, 'Abdurrahman', 7, 99, 2, 7, 1, '2014-06-30'),
(116, 'Yulistika', 5, 32, 1, 3, 2, '2014-03-29'),
(117, 'Adelila', 6, 119, 3, 5, 2, '2014-08-04'),
(118, 'Steven', 2, 289, 3, 5, 2, '2015-07-31'),
(119, 'Listin', 7, 202, 3, 3, 2, '2015-05-26'),
(120, 'Agung', 2, 283, 3, 5, 2, '2015-07-30'),
(121, 'Wulan', 6, 148, 6, 5, 2, '2014-08-25'),
(122, 'Anna', 2, 16, 7, 5, 2, '2014-01-08'),
(123, 'Nugrah', 6, 130, 3, 5, 2, '2014-08-11'),
(124, 'Nur Anisya', 9, 325, 4, 7, 1, '2015-12-12'),
(125, 'Rizal', 3, 144, 6, 5, 2, '2014-08-15'),
(126, 'Muntako', 12, 300, 3, 5, 2, '2015-08-08'),
(127, 'M. Irfan', 9, 142, 2, 3, 2, '2014-08-30'),
(128, 'Imam', 2, 219, 3, 5, 2, '2015-05-30'),
(129, 'Anggie', 7, 125, 2, 5, 2, '2014-08-07'),
(130, 'Nadia', 5, 120, 4, 5, 2, '2014-08-04'),
(131, 'Aisyah', 4, 9, 3, 5, 2, '2013-12-22'),
(132, 'Ismail', 3, 32, 7, 5, 2, '2014-02-20'),
(133, 'Nanda', 1, 193, 3, 5, 2, '2015-05-07'),
(134, 'Gading', 11, 145, 4, 5, 2, '2014-08-20'),
(135, 'Irfan', 13, 247, 1, 3, 2, '2015-06-30'),
(136, 'Achmad', 2, 230, 4, 5, 2, '2015-11-06'),
(137, 'Yudha', 7, 194, 7, 5, 2, '2015-05-07'),
(138, 'Hana', 7, 170, 3, 5, 2, '2015-02-28'),
(139, 'Putra Bayu', 1, 58, 3, 3, 2, '2014-06-12'),
(140, 'Itsna', 5, 120, 4, 5, 2, '2014-08-05'),
(141, 'Farliza', 15, 184, 4, 5, 2, '2015-09-04'),
(142, 'Yuni', 6, 292, 4, 5, 2, '2015-05-08'),
(143, 'Khaerul Anis', 4, 303, 2, 3, 2, '2015-10-08'),
(144, 'Danang', 11, 122, 3, 5, 2, '2014-08-05'),
(145, 'Agus', 11, 245, 3, 5, 2, '2015-06-29'),
(146, 'Ananda ', 4, 77, 2, 3, 2, '2014-06-23'),
(147, 'Filia', 9, 278, 3, 5, 2, '2015-07-28'),
(148, 'Muhammad Faqih', 9, 247, 7, 5, 2, '2015-06-29'),
(149, 'Ria', 7, 325, 4, 3, 2, '2015-12-12'),
(150, 'Arfan', 3, 290, 1, 5, 2, '2015-07-30'),
(151, 'Reno', 11, 305, 3, 5, 2, '2015-10-08'),
(152, 'Lingga', 3, 156, 3, 3, 2, '2015-01-16'),
(153, 'Denny', 2, 127, 2, 5, 2, '2014-08-09'),
(154, 'Irfan', 5, 159, 3, 5, 2, '2015-02-13'),
(155, 'Ngandika', 2, 299, 3, 5, 2, '2015-07-08'),
(156, 'Benny', 15, 155, 3, 5, 2, '2015-01-14'),
(157, 'Dhika', 15, 230, 4, 5, 2, '2015-11-06'),
(158, 'Lilis', 1, 242, 3, 3, 2, '2015-06-19'),
(159, 'Anggit', 2, 145, 4, 5, 2, '2014-08-20'),
(160, 'Pius', 13, 241, 3, 5, 2, '2015-06-19'),
(161, 'Andika', 2, 144, 6, 5, 2, '2014-08-15'),
(162, 'Susila', 5, 70, 3, 5, 2, '2014-06-12'),
(163, 'Rizqya', 3, 167, 3, 5, 2, '2015-02-27'),
(164, 'Sri', 2, 320, 3, 5, 2, '2015-05-08'),
(165, 'Felisitas', 3, 111, 3, 5, 2, '2014-07-21'),
(166, 'Kevin', 2, 149, 7, 5, 2, '2014-08-25'),
(167, 'Isna', 2, 276, 3, 5, 2, '2015-07-27'),
(168, 'Alfan', 12, 310, 7, 5, 2, '2015-10-08'),
(169, 'Nur Meyliana', 3, 150, 5, 6, 2, '2014-12-04'),
(170, 'Tangguh', 3, 196, 6, 5, 2, '2015-05-21'),
(171, 'Teguh', 11, 39, 4, 5, 2, '2014-05-08'),
(172, 'Naziihah', 5, 72, 7, 3, 2, '2014-06-17'),
(173, 'Pandhit', 9, 259, 5, 3, 2, '2015-06-07'),
(174, 'Septyana', 5, 72, 7, 3, 2, '2014-06-18'),
(175, 'Algi', 12, 208, 3, 3, 2, '2015-05-29'),
(176, 'Azis', 11, 327, 4, 3, 2, '2015-12-12'),
(177, 'Ulfa', 6, 186, 1, 3, 2, '2015-04-27'),
(178, 'Abraham', 6, 335, 3, 6, 2, '2015-12-12'),
(179, 'Riani', 3, 279, 1, 3, 2, '2015-07-28'),
(180, 'Savira', 12, 303, 2, 3, 2, '2015-10-08'),
(181, 'Ardy', 9, 91, 2, 3, 2, '2014-06-30'),
(182, 'Adrian', 15, 19, 3, 3, 2, '2014-02-03'),
(183, 'Yasmine', 12, 173, 4, 3, 2, '2015-02-28'),
(184, 'Putri', 7, 204, 3, 3, 2, '2015-05-28'),
(185, 'Andina', 7, 19, 3, 3, 2, '2014-02-07'),
(186, 'Surya', 7, 35, 3, 3, 2, '2014-04-28'),
(187, 'Agnes', 9, 280, 3, 3, 2, '2015-07-29'),
(188, 'Sarah', 7, 28, 3, 3, 2, '2014-02-28'),
(189, 'Firda', 5, 195, 2, 3, 2, '2015-05-13'),
(190, 'Binar', 15, 243, 1, 4, 2, '2015-06-18'),
(191, 'Worthy', 7, 293, 3, 3, 2, '2015-07-08'),
(192, 'Yana', 2, 72, 7, 3, 2, '2014-06-19'),
(193, 'Reza', 15, 290, 1, 3, 2, '2015-07-29'),
(194, 'Fajar', 15, 186, 1, 3, 2, '2015-04-28'),
(195, 'Erma', 7, 282, 3, 3, 2, '2015-07-29'),
(196, 'Bella', 9, 97, 1, 4, 2, '2014-07-04'),
(197, 'Pulung', 6, 226, 3, 3, 2, '2015-06-07'),
(198, 'Bamara', 2, 153, 3, 4, 2, '2014-12-31'),
(199, 'Dinny', 5, 260, 6, 4, 2, '2015-01-07'),
(200, 'Wahyu', 2, 15, 2, 4, 2, '2013-12-31'),
(201, 'Wahyu', 4, 22, 3, 4, 2, '2014-02-15'),
(202, 'Ipah', 7, 131, 3, 4, 2, '2014-08-14'),
(203, 'Aseptian', 2, 223, 4, 4, 2, '2015-05-26'),
(204, 'Jasmine', 6, 97, 1, 4, 2, '2014-08-26'),
(205, 'Elvin', 3, 141, 3, 4, 2, '2014-08-15'),
(206, 'Devry', 14, 183, 6, 4, 2, '2015-04-06'),
(207, 'Argha', 6, 72, 7, 4, 2, '2014-06-18'),
(208, 'Rusdianto', 15, 90, 1, 4, 2, '2014-07-19'),
(209, 'Viky', 13, 66, 2, 4, 2, '2014-06-10'),
(210, 'Rilo', 15, 151, 7, 4, 2, '2015-12-13'),
(211, 'Sri', 7, 290, 1, 4, 2, '2015-01-08'),
(212, 'Ametta', 3, 144, 6, 4, 2, '2014-08-16'),
(213, 'Fitri', 7, 89, 3, 4, 2, '2014-06-30'),
(214, 'Syaiful', 11, 14, 3, 4, 2, '2013-12-29'),
(215, 'Muhammad Faiz', 9, 284, 3, 4, 2, '2015-07-29'),
(216, 'Ahmad Galang', 1, 197, 4, 4, 2, '2015-05-25'),
(217, 'Nila', 11, 156, 2, 4, 2, '2015-01-20'),
(218, 'Aditya', 5, 334, 3, 4, 2, '2015-12-12'),
(219, 'Syafrianto', 7, 243, 6, 4, 2, '2015-06-23'),
(220, 'Bayu', 9, 206, 3, 4, 2, '2015-05-28'),
(221, 'Dwi', 1, 288, 2, 4, 2, '2015-08-27'),
(222, 'Marlina', 7, 279, 1, 4, 2, '2015-07-28'),
(223, 'Fajar', 3, 271, 2, 4, 2, '2015-09-07'),
(224, 'Duwi', 7, 18, 7, 4, 2, '2014-01-25'),
(225, 'Irfan A.', 7, 325, 4, 4, 2, '2015-12-12'),
(226, 'Daniel', 2, 292, 3, 4, 2, '2015-05-08'),
(227, 'Imam', 11, 186, 1, 4, 2, '2015-04-03'),
(228, 'Yanuar', 2, 275, 2, 4, 2, '2015-07-27'),
(229, 'Siti', 3, 8, 3, 4, 2, '2013-12-22'),
(230, 'Mahendra', 2, 318, 7, 4, 2, '2015-12-08'),
(231, 'Yusuf', 6, 144, 6, 4, 2, '2014-08-16'),
(232, 'Giardyan', 13, 11, 3, 4, 2, '2013-12-26'),
(233, 'Yolanda', 3, 187, 4, 4, 2, '2015-05-06'),
(234, 'Raesa', 12, 191, 3, 4, 2, '2015-05-08'),
(235, 'Almaesan', 1, 41, 3, 4, 2, '2014-05-14'),
(236, 'Siti', 3, 292, 3, 4, 2, '2015-07-08'),
(237, 'Michel', 2, 53, 3, 4, 2, '2014-06-01'),
(238, 'Bagus', 4, 145, 4, 7, 1, '2014-08-20'),
(239, 'Hanifah', 1, 322, 4, 5, 2, '2015-12-12'),
(240, 'Randi', 12, 244, 3, 5, 2, '2015-06-27'),
(241, 'Alma', 9, 186, 1, 5, 2, '2015-05-05'),
(242, 'Sandy', 7, 264, 3, 5, 2, '2015-06-25'),
(243, 'Namira', 6, 133, 3, 5, 2, '2014-08-14'),
(244, 'Ardiansyah', 9, 133, 3, 5, 2, '2014-08-14'),
(245, 'Ahmad Zulfikar', 9, 284, 3, 5, 2, '2015-07-29'),
(246, 'Ram Fauzan', 13, 247, 7, 5, 2, '2015-06-30'),
(247, 'Sri R.', 11, 32, 7, 5, 2, '2014-04-29'),
(248, 'Fildah', 11, 152, 6, 5, 2, '2014-12-29'),
(249, 'Sabiela', 7, 97, 1, 5, 2, '2014-06-30'),
(250, 'Hana', 3, 145, 4, 5, 2, '2014-08-19'),
(251, 'Zakiah', 16, 73, 3, 5, 2, '2014-06-21'),
(252, 'Deni', 2, 151, 7, 5, 2, '2014-12-15'),
(253, 'Aldi', 7, 151, 7, 5, 2, '2014-12-01'),
(254, 'Iqbal', 1, 324, 3, 5, 2, '2015-12-12'),
(255, 'Dimas', 3, 195, 2, 5, 2, '2015-05-15'),
(256, 'Luthfi', 13, 290, 1, 5, 2, '2015-03-08'),
(257, 'Hanna', 1, 332, 3, 5, 2, '2015-12-12'),
(258, 'Faturahman', 6, 95, 3, 5, 2, '2014-06-30'),
(259, 'Maulana', 12, 31, 3, 5, 2, '2014-03-01'),
(260, 'Sri', 7, 127, 2, 5, 2, '2014-08-09'),
(261, 'Wily', 3, 123, 3, 5, 2, '2014-08-05'),
(262, 'Wawan', 12, 318, 7, 5, 2, '2015-12-08'),
(263, 'Apria', 6, 215, 3, 5, 2, '2015-05-30'),
(264, 'Karina', 7, 210, 4, 5, 2, '2015-05-29'),
(265, 'Arif', 2, 310, 7, 5, 2, '2015-10-08'),
(266, 'Arif', 9, 235, 3, 5, 2, '2015-06-17'),
(267, 'Husnul', 9, 247, 7, 5, 2, '2015-06-30'),
(268, 'Denisa', 7, 97, 1, 5, 2, '2014-07-03'),
(269, 'Tri', 11, 145, 4, 5, 2, '2014-08-21'),
(270, 'Anangga', 5, 151, 7, 5, 2, '2014-12-15'),
(271, 'Djorgey', 2, 297, 3, 5, 2, '2015-07-08'),
(272, 'Diky', 1, 144, 6, 5, 2, '2014-08-18'),
(273, 'Annisa', 3, 186, 1, 5, 2, '2015-04-29'),
(274, 'Joseph', 13, 225, 3, 5, 2, '2015-06-03'),
(275, 'Febriana', 11, 192, 3, 5, 2, '2015-05-08'),
(276, 'Rangga', 1, 172, 3, 5, 2, '2015-02-28'),
(277, 'Annanto', 5, 318, 7, 5, 2, '2015-12-08'),
(278, 'Octaviany', 7, 127, 2, 5, 2, '2014-08-09'),
(279, 'Risky', 1, 290, 1, 5, 2, '2015-03-08'),
(280, 'Fitri', 2, 112, 3, 5, 2, '2014-07-22'),
(281, 'Ghani', 13, 84, 3, 5, 2, '2014-06-28'),
(282, 'Tirna', 7, 50, 2, 5, 2, '2014-05-31'),
(283, 'Gea', 5, 178, 2, 5, 2, '2015-03-06'),
(284, 'Rama', 15, 185, 3, 5, 2, '2015-04-12'),
(285, 'Fakhri', 2, 32, 7, 5, 2, '2014-04-04'),
(286, 'Bagas', 1, 156, 2, 5, 2, '2015-01-31'),
(287, 'Nur', 1, 151, 7, 5, 2, '2014-12-20'),
(288, 'Tomy', 11, 205, 3, 5, 2, '2015-05-28'),
(289, 'Evitalia', 7, 130, 3, 5, 2, '2014-08-12'),
(290, 'Arnanda', 6, 136, 3, 5, 2, '2014-08-15'),
(291, 'Zaneta', 6, 186, 1, 5, 2, '2015-05-05'),
(292, 'Nurul', 6, 72, 7, 5, 2, '2014-06-19'),
(293, 'Adian', 11, 315, 3, 5, 2, '2015-11-08'),
(294, 'Isaroh', 2, 145, 3, 4, 2, '2014-08-21'),
(295, 'Akbar', 7, 81, 1, 4, 2, '2014-06-27'),
(296, 'Nurul', 7, 186, 1, 4, 2, '2015-05-03'),
(297, 'Refi', 7, 105, 3, 4, 2, '2014-09-01'),
(298, 'Nadya', 7, 6, 3, 4, 2, '2013-12-18'),
(299, 'Mia', 9, 275, 2, 4, 2, '2015-07-27'),
(300, 'Dimas', 13, 177, 4, 4, 2, '2015-02-27'),
(301, 'Ananta', 5, 180, 3, 4, 2, '2015-01-04'),
(302, 'Lilis', 3, 60, 3, 4, 2, '2014-06-06'),
(303, 'Laoly', 3, 216, 3, 4, 2, '2015-05-03'),
(304, 'Raka', 3, 32, 7, 4, 2, '2014-04-06'),
(305, 'Syifa', 13, 323, 3, 4, 2, '2015-12-12'),
(306, 'Tisna', 11, 299, 3, 4, 2, '2015-07-08'),
(307, 'Rendy', 15, 310, 7, 4, 2, '2015-10-08'),
(308, 'Vinny', 7, 21, 3, 4, 2, '2014-02-11'),
(309, 'Abdullah', 12, 261, 6, 4, 2, '2015-07-07'),
(310, 'Nde', 3, 114, 3, 4, 2, '2014-07-24'),
(311, 'Fajar', 4, 156, 2, 5, 2, '2015-01-31'),
(312, 'Ardy', 9, 274, 7, 5, 2, '2015-07-23'),
(313, 'Invita', 3, 80, 6, 5, 2, '2014-04-28'),
(314, 'Maulana', 3, 156, 2, 5, 2, '2015-01-31'),
(315, 'Gallang', 2, 20, 3, 5, 2, '2014-02-09'),
(316, 'Nanda', 5, 156, 2, 5, 2, '2015-01-20'),
(317, 'Stusana ', 7, 76, 3, 4, 2, '2014-06-23'),
(318, 'Pandu', 5, 90, 1, 5, 2, '2014-06-30'),
(319, 'Adam', 1, 275, 2, 5, 2, '2015-07-27'),
(320, 'Bagus', 4, 31, 1, 4, 2, '2014-03-24'),
(321, 'Martha', 16, 46, 3, 5, 2, '2014-05-26'),
(322, 'Anastasia', 5, 80, 6, 5, 2, '2014-06-28'),
(323, 'Redo', 7, 157, 3, 4, 2, '2015-02-07'),
(324, 'Robby', 11, 12, 3, 5, 2, '2013-12-29'),
(325, 'Sugandi', 7, 186, 1, 5, 2, '2015-04-30'),
(326, 'Mayang', 7, 150, 2, 5, 2, '2014-12-05'),
(327, 'Elvin', 3, 186, 1, 5, 2, '2015-04-30'),
(328, 'Sulistyo', 3, 303, 2, 5, 2, '2015-10-08'),
(329, 'Hani', 6, 154, 3, 5, 2, '2015-01-10'),
(330, 'Dimas', 7, 224, 3, 5, 2, '2015-06-05'),
(331, 'Febri', 11, 186, 1, 5, 2, '2015-04-30'),
(332, 'Aji', 11, 162, 2, 5, 2, '2015-02-26'),
(333, 'Edward', 15, 80, 6, 5, 2, '2014-06-25'),
(334, 'Nehru', 5, 189, 3, 5, 2, '2015-05-07'),
(335, 'Deni', 12, 303, 2, 4, 2, '2015-10-08'),
(336, 'Rani', 6, 240, 3, 5, 2, '2015-06-19'),
(337, 'Alfian', 12, 271, 2, 5, 2, '2015-10-07'),
(338, 'Dinda', 4, 160, 3, 5, 2, '2015-02-17'),
(339, 'Dikka', 1, 156, 2, 5, 2, '2015-02-02'),
(340, 'Wartono', 1, 209, 4, 4, 2, '2015-05-30'),
(341, 'Imelta', 5, 151, 7, 5, 2, '2014-12-26'),
(342, 'Ariq', 11, 126, 3, 5, 2, '2014-08-08'),
(343, 'Rosemaya', 13, 158, 3, 5, 2, '2015-02-10'),
(344, 'Deviana', 11, 74, 3, 5, 2, '2014-06-21'),
(345, 'Dewi', 2, 144, 6, 5, 2, '2014-08-18'),
(346, 'Dinda', 7, 130, 1, 4, 2, '2014-08-13'),
(347, 'Dwi', 3, 147, 3, 5, 2, '2014-08-23'),
(348, 'Zaky', 2, 290, 1, 5, 2, '2015-03-08'),
(349, 'Ichtiara', 3, 90, 1, 4, 2, '2014-06-30'),
(350, 'Andre', 1, 243, 6, 5, 2, '2015-06-24'),
(351, 'Ibnu', 12, 19, 3, 5, 2, '2014-02-08'),
(352, 'Evan', 15, 54, 1, 4, 2, '2014-06-02'),
(353, 'Azhari', 2, 319, 3, 5, 2, '2015-05-08'),
(354, 'Zein', 11, 301, 4, 5, 2, '2015-10-08'),
(355, 'Adi', 1, 97, 1, 4, 2, '2014-07-03'),
(356, 'Adiyat', 3, 81, 7, 5, 2, '2014-06-27'),
(357, 'Syahadam', 9, 322, 4, 5, 2, '2015-12-12'),
(358, 'Naufal', 6, 77, 2, 5, 2, '2014-06-23'),
(359, 'Bagas', 11, 156, 2, 5, 2, '2015-02-05'),
(360, 'Bunga', 6, 145, 4, 5, 2, '2014-08-31'),
(361, 'Putra', 3, 145, 4, 5, 2, '2014-09-01'),
(362, 'Puji', 1, 186, 1, 5, 2, '2015-04-30'),
(363, 'Bagas', 11, 142, 2, 4, 2, '2014-08-15'),
(364, 'Alek', 12, 269, 3, 5, 2, '2015-04-07'),
(365, 'Fikri', 11, 72, 7, 4, 2, '2014-06-19'),
(366, 'Yudhistira', 15, 178, 2, 4, 2, '2015-03-14'),
(367, 'Robin', 12, 112, 3, 4, 2, '2014-07-22'),
(368, 'Herianto', 11, 112, 3, 4, 2, '2014-07-24'),
(369, 'Annisaa', 3, 124, 3, 4, 2, '2014-06-27'),
(370, 'Siswantono', 2, 152, 6, 4, 2, '2014-12-30'),
(371, 'Artamenova', 6, 170, 3, 4, 2, '2015-02-28'),
(372, 'Yudi', 12, 123, 3, 4, 2, '2014-08-06'),
(373, 'Taufik', 13, 121, 3, 4, 2, '2014-08-05'),
(374, 'Dicka', 1, 61, 3, 4, 2, '2014-06-07'),
(375, 'Silvia', 7, 39, 4, 4, 2, '2014-05-12'),
(376, 'Seanna', 15, 327, 4, 4, 2, '2015-12-12'),
(377, 'Maryam', 1, 44, 3, 4, 2, '2014-05-22'),
(378, 'Zainal', 1, 178, 2, 4, 2, '2015-03-16'),
(379, 'Ayu', 9, 178, 2, 4, 2, '2015-03-26'),
(380, 'Yudho', 13, 290, 1, 4, 2, '2015-04-08'),
(381, 'Syamsuri', 13, 294, 3, 4, 2, '2015-07-08'),
(382, 'Mardiansyah', 11, 166, 3, 4, 2, '2015-02-27'),
(383, 'Rindang', 2, 290, 1, 4, 2, '2015-04-08'),
(384, 'Stanley', 6, 148, 6, 8, 1, '2014-08-25'),
(385, 'Caesar', 6, 4, 3, 8, 1, '2013-12-07'),
(386, 'Zaenuddin', 15, 318, 7, 4, 2, '2015-05-08'),
(387, 'M. Fauzi', 9, 273, 7, 4, 2, '2015-07-23'),
(388, 'Fariz', 6, 144, 6, 4, 2, '2014-08-19'),
(389, 'Tengku', 7, 163, 3, 4, 2, '2015-02-27'),
(390, 'Rangga', 15, 275, 2, 4, 2, '2015-07-27'),
(391, 'Kahfi', 11, 151, 7, 4, 2, '2014-12-26'),
(392, 'Winanda', 5, 183, 6, 4, 2, '2015-04-07'),
(393, 'Ezra', 2, 80, 6, 4, 2, '2014-06-26'),
(394, 'Regina', 5, 32, 7, 4, 2, '2014-04-07'),
(395, 'Iqbal', 4, 273, 7, 4, 2, '2015-07-23'),
(396, 'Ferdiansyah', 13, 227, 4, 4, 2, '2015-06-07'),
(397, 'Devi', 7, 224, 3, 4, 2, '2015-06-06'),
(398, 'Tyas', 3, 94, 4, 4, 2, '2014-06-30'),
(399, 'Octhav', 11, 288, 2, 4, 2, '2015-07-31'),
(400, 'Danis', 1, 310, 7, 4, 2, '2015-10-08'),
(401, 'Galih', 12, 164, 3, 4, 2, '2015-02-27'),
(402, 'Nadya', 15, 45, 3, 4, 2, '2014-05-23'),
(403, 'Eka', 5, 229, 3, 4, 2, '2015-06-03'),
(404, 'Rayi', 15, 78, 3, 4, 2, '2014-06-24'),
(405, 'Wike', 15, 56, 2, 4, 2, '2014-06-05'),
(406, 'Febrianne', 4, 195, 2, 4, 2, '2015-05-19'),
(407, 'Siti', 3, 139, 3, 4, 2, '2014-08-09'),
(408, 'Bilarminus', 12, 296, 3, 4, 2, '2015-07-08'),
(409, 'Erika', 7, 186, 1, 4, 2, '2015-04-30'),
(410, 'Septi', 9, 247, 7, 4, 2, '2015-06-30'),
(411, 'Harits', 9, 274, 7, 4, 2, '2015-07-24'),
(412, 'Khoirul', 11, 120, 4, 4, 2, '2014-08-05'),
(413, 'Ferdi', 2, 97, 1, 4, 2, '2014-07-03'),
(414, 'Eka', 7, 210, 4, 5, 2, '2015-05-26'),
(415, 'Olyvia', 13, 32, 7, 4, 2, '2014-04-15'),
(416, 'Putri', 9, 325, 4, 4, 2, '2015-12-12'),
(417, 'Hafiz', 2, 96, 6, 4, 2, '2014-06-26'),
(418, 'Sinta', 7, 80, 6, 4, 2, '2014-06-26'),
(419, 'Amanda', 6, 321, 3, 5, 2, '2015-12-12'),
(420, 'Alandio', 7, 148, 6, 5, 2, '2014-08-25'),
(421, 'Rakha', 7, 329, 3, 5, 2, '2015-12-12'),
(422, 'Luthfi', 12, 5, 3, 5, 2, '2013-12-10'),
(423, 'Marina', 5, 290, 1, 5, 2, '2015-04-08'),
(424, 'Noor', 9, 224, 3, 5, 2, '2015-06-05'),
(425, 'Fransiska', 3, 325, 4, 5, 2, '2015-12-12'),
(426, 'Nina', 3, 243, 6, 5, 2, '2015-05-25'),
(427, 'Reyhan', 12, 290, 1, 5, 2, '2015-04-08'),
(428, 'Fernaldi', 9, 27, 3, 5, 2, '2014-02-24'),
(429, 'Mahfudin', 3, 326, 3, 5, 2, '2015-12-12'),
(430, 'Rizka', 3, 162, 2, 5, 2, '2015-02-27'),
(431, 'Naufal', 2, 186, 1, 5, 2, '2015-04-30'),
(432, 'Indra', 13, 1, 3, 5, 2, '2013-11-22'),
(433, 'Hanifah', 6, 85, 3, 5, 2, '2014-06-28'),
(434, 'Novia', 2, 48, 3, 5, 2, '2014-05-30'),
(435, 'Indah', 7, 156, 2, 5, 2, '2015-02-03'),
(436, 'Hana', 3, 55, 3, 5, 2, '2014-06-03'),
(437, 'Fanisya', 11, 186, 1, 5, 2, '2015-05-05'),
(438, 'Dicky', 13, 178, 2, 5, 2, '2015-03-30'),
(439, 'Shella', 5, 183, 6, 5, 2, '2015-04-08'),
(440, 'Siti', 7, 138, 3, 5, 2, '2014-08-15'),
(441, 'Ananda', 5, 247, 7, 5, 2, '2015-06-29'),
(442, 'Andreas', 3, 144, 6, 5, 2, '2014-08-19'),
(443, 'Fauzi', 12, 310, 7, 5, 2, '2015-10-08'),
(444, 'Kevin', 13, 195, 2, 5, 2, '2015-05-21'),
(445, 'Gazela', 5, 32, 7, 5, 2, '2014-04-17'),
(446, 'Ilham', 12, 72, 7, 5, 2, '2014-06-19'),
(447, 'Reyhan', 4, 175, 3, 5, 2, '2015-03-02'),
(448, 'Widiyanto', 2, 255, 3, 5, 2, '2015-06-07'),
(449, 'Tasia', 3, 183, 6, 5, 2, '2015-07-04'),
(450, 'Gilang', 11, 299, 3, 5, 2, '2015-08-08'),
(451, 'Puteri', 3, 18, 7, 5, 2, '2014-01-26'),
(452, 'Rafdi', 4, 328, 3, 5, 2, '2015-12-12'),
(453, 'Panji', 11, 286, 3, 5, 2, '2015-07-29'),
(454, 'Rafi', 1, 145, 4, 5, 2, '2014-08-22'),
(455, 'Putri', 1, 259, 6, 5, 2, '2015-06-30'),
(456, 'Chandi', 1, 90, 1, 5, 2, '2014-06-30'),
(457, 'Agung', 2, 150, 2, 5, 2, '2014-12-06'),
(458, 'Taqiyyudin', 13, 18, 7, 5, 2, '2014-02-01'),
(459, 'Nuning', 5, 32, 7, 5, 2, '2014-04-21'),
(460, 'Tania', 3, 150, 2, 5, 2, '2014-12-07'),
(461, 'Everin', 5, 186, 1, 5, 2, '2015-04-29'),
(462, 'Diah', 1, 317, 3, 5, 2, '2015-10-08'),
(463, 'Jusuf', 2, 272, 3, 5, 2, '2015-07-23'),
(464, 'Dwigo', 1, 84, 3, 5, 2, '2014-06-28'),
(465, 'Suryo', 1, 84, 3, 5, 2, '2014-06-28'),
(466, 'Kiki', 11, 312, 3, 5, 2, '2015-11-08'),
(467, 'Supriyadi', 1, 49, 3, 5, 2, '2014-08-28'),
(468, 'Fauzan', 7, 160, 3, 5, 2, '2015-02-20'),
(469, 'Adib', 2, 29, 3, 5, 2, '2014-02-28'),
(470, 'Ardian', 2, 15, 2, 5, 2, '2014-01-02'),
(471, 'Dea', 6, 36, 3, 5, 2, '2014-04-29'),
(472, 'Alya', 3, 177, 4, 5, 2, '2015-03-03'),
(473, 'Aldi', 2, 258, 3, 5, 2, '2015-06-07'),
(474, 'Adinan', 7, 294, 3, 5, 2, '2015-06-08'),
(475, 'Tofan', 1, 15, 2, 7, 1, '2014-01-03'),
(476, 'Arief', 4, 15, 2, 2, 2, '2014-01-03'),
(477, 'Citra', 7, 125, 2, 2, 2, '2014-08-04'),
(478, 'Audi', 4, 179, 3, 7, 1, '2015-04-01'),
(479, 'Henry', 2, 195, 2, 7, 1, '2015-05-21'),
(480, 'Tosya', 2, 275, 2, 7, 1, '2015-07-27'),
(481, 'Sita', 6, 148, 6, 7, 1, '2014-08-25'),
(482, 'Irfandika', 7, 96, 6, 2, 2, '2014-06-30'),
(483, 'Ela', 3, 186, 3, 7, 1, '2015-04-28'),
(484, 'Desta', 2, 96, 6, 2, 2, '2014-07-02'),
(485, 'Bustomi', 2, 234, 3, 2, 2, '2015-06-16'),
(486, 'Vidri', 15, 248, 7, 2, 2, '2015-06-30'),
(487, 'Jayanti', 2, 188, 3, 2, 2, '2015-05-08'),
(488, 'Toha', 7, 90, 1, 2, 2, '2014-06-30'),
(489, 'Ilham', 4, 15, 2, 2, 2, '2014-01-03'),
(490, 'Kukuh', 5, 230, 4, 2, 2, '2015-06-13'),
(491, 'Maulydia', 9, 247, 7, 2, 2, '2015-06-29'),
(492, 'Burhanuddin', 2, 308, 3, 3, 2, '2015-10-08'),
(493, 'Riche', 1, 125, 2, 3, 2, '2014-08-27'),
(494, 'Rizky', 1, 90, 1, 3, 2, '2014-06-30'),
(495, 'Aulia', 6, 18, 7, 8, 1, '2014-02-01'),
(496, 'Windi', 5, 271, 2, 3, 2, '2015-12-07'),
(497, 'Yoga', 15, 183, 6, 3, 2, '2015-08-04'),
(498, 'Hilman', 4, 265, 2, 3, 2, '2015-02-07'),
(499, 'Frainsiska', 15, 156, 2, 3, 2, '2015-02-07'),
(500, 'Dinda', 5, 62, 3, 3, 2, '2014-06-07'),
(501, 'Alisha', 13, 178, 2, 3, 2, '2015-03-31'),
(502, 'Ashari', 3, 186, 1, 8, 1, '2015-04-29'),
(503, 'Muhajirul', 9, 247, 7, 3, 2, '2015-06-29'),
(504, 'Arsya', 11, 64, 4, 8, 1, '2014-06-07'),
(505, 'Marsya', 1, 290, 1, 3, 2, '2015-05-08'),
(506, 'Wahyu', 12, 64, 4, 8, 1, '2014-06-09'),
(507, 'Zulfikar', 7, 64, 4, 8, 1, '2014-06-09'),
(508, 'Diana', 7, 127, 2, 3, 2, '2014-08-09'),
(509, 'Marpuah', 7, 298, 6, 3, 2, '2015-06-30'),
(510, 'Fajar', 7, 230, 4, 3, 2, '2015-06-13'),
(511, 'Rachmad', 6, 184, 4, 3, 2, '2015-09-04'),
(512, 'Fakhri', 1, 227, 4, 3, 2, '2015-06-07'),
(513, 'Purnama', 11, 331, 3, 3, 2, '2015-12-12'),
(514, 'Indah', 7, 183, 6, 3, 2, '2015-09-04'),
(515, 'Hadi', 11, 271, 2, 3, 2, '2015-07-13'),
(516, 'Reza', 9, 64, 4, 3, 2, '2014-08-25'),
(517, 'Dita', 3, 182, 6, 3, 2, '2015-04-02'),
(518, 'Nita', 6, 183, 6, 3, 2, '2015-04-09'),
(519, 'Ricky', 11, 311, 3, 3, 2, '2015-11-08'),
(520, 'Nasr', 13, 33, 3, 3, 2, '2014-04-22'),
(521, 'Ellaine', 5, 146, 3, 3, 2, '2014-08-23'),
(522, 'Okri', 2, 259, 6, 3, 2, '2015-06-26'),
(523, 'Hergie', 12, 330, 2, 3, 2, '2015-12-12'),
(524, 'Della', 5, 129, 3, 3, 2, '2014-08-11'),
(525, 'Angga', 12, 286, 3, 3, 2, '2015-07-29'),
(526, 'Ananda', 6, 18, 7, 3, 2, '2014-02-01'),
(527, 'Sonyawan', 2, 223, 4, 3, 2, '2015-06-05'),
(528, 'Gimas', 9, 186, 1, 3, 2, '2015-05-07'),
(529, 'Anissah', 9, 77, 2, 3, 2, '2014-06-24'),
(530, 'Wildan', 9, 67, 2, 5, 2, '2014-05-09'),
(531, 'Arief', 11, 214, 3, 5, 2, '2015-06-01'),
(532, 'Rizki', 11, 149, 7, 5, 2, '2014-08-25'),
(533, 'Filly', 7, 151, 7, 5, 2, '2014-12-26'),
(534, 'AA Ngurah', 9, 224, 3, 5, 2, '2015-06-08'),
(535, 'Abdurrois', 5, 103, 3, 5, 2, '2014-07-15'),
(536, 'Julia', 3, 186, 1, 5, 2, '2015-05-07'),
(537, 'Rezky', 11, 145, 4, 5, 2, '2014-08-22'),
(538, 'Tommy', 12, 72, 3, 5, 2, '2014-06-19'),
(539, 'Fauzan', 1, 186, 1, 5, 2, '2015-05-06'),
(540, 'Fadhillah', 15, 81, 7, 5, 2, '2014-06-27'),
(541, 'Rinaldi', 7, 290, 1, 5, 2, '2015-05-08'),
(542, 'Syahreza', 7, 151, 7, 5, 2, '2015-01-04'),
(543, 'Ridhwan', 12, 160, 3, 5, 2, '2015-02-20'),
(544, 'Naftali', 6, 100, 3, 5, 2, '2014-06-17'),
(545, 'Andika', 6, 290, 1, 5, 2, '2015-05-08'),
(546, 'Delvino', 4, 149, 7, 5, 2, '2014-11-28'),
(547, 'Januar', 2, 317, 3, 5, 2, '2015-12-08'),
(548, 'Yoel', 11, 169, 3, 5, 2, '2015-02-28'),
(549, 'Farhan', 6, 7, 3, 5, 2, '2013-12-19'),
(550, 'Mei', 5, 120, 4, 5, 2, '2014-08-05'),
(551, 'Maya', 15, 278, 3, 5, 2, '2015-07-28'),
(552, 'diantoro', 7, 38, 1, 4, 2, '2014-05-06'),
(553, 'Rian Rambu Prasetyo', 4, 271, 3, 4, 2, '2015-11-07'),
(554, 'Taufiq Hidayah', 1, 253, 3, 4, 2, '2015-06-07'),
(555, 'Galih Wicaksono', 6, 203, 3, 4, 2, '2015-05-26'),
(556, 'Gian Pradipta', 15, 273, 1, 4, 2, '2015-07-23'),
(557, 'Angga Ardiansyah', 3, 279, 1, 4, 2, '2015-07-30'),
(558, 'Aldi Akmel Valentino', 13, 232, 5, 4, 2, '2015-06-13'),
(559, 'Aynina Rahman', 4, 90, 1, 4, 2, '2014-06-30'),
(560, 'Mohamad Fikri', 3, 287, 3, 4, 2, '2015-07-29'),
(561, 'Annisa Istiqomah ', 7, 262, 3, 4, 2, '2015-07-07'),
(562, 'Aryo Wibisono', 4, 69, 2, 4, 2, '2014-06-11'),
(563, 'Ihwan Setiawan ', 13, 90, 1, 4, 2, '2014-07-01'),
(564, 'Fathur Rahman Naricaar', 3, 72, 5, 4, 2, '2014-06-20'),
(565, 'Rendy Ristyantono.A.P ', 4, 98, 3, 4, 2, '2014-07-05'),
(566, 'Bonifasius Aditya Hermawan ', 2, 3, 3, 4, 2, '2013-12-06'),
(567, 'Shiska Rachmawati', 5, 243, 1, 4, 2, '2015-06-25'),
(568, 'Indah Laras Putriani', 3, 36, 1, 4, 2, '2014-04-30'),
(569, 'Rosmaulina Br Sinurat ', 9, 243, 1, 6, 2, '2015-06-24'),
(570, 'Arya Arung Wijaya ', 12, 16, 4, 4, 2, '2014-01-15'),
(571, 'Abdul Al Aziz', 7, 88, 3, 7, 1, '2014-06-30'),
(572, 'Reza Fahmi Ramadhan ', 1, 279, 1, 4, 2, '2015-07-29'),
(573, 'Mahesa Indra Kamil', 9, 263, 3, 4, 2, '2015-08-07'),
(574, 'Rizki Fendika', 2, 207, 3, 4, 2, '2015-05-28'),
(575, 'Rangga Ridwan Anam ', 15, 273, 1, 4, 2, '2015-07-23'),
(576, 'Muhammad ilham ', 2, 243, 1, 4, 2, '2015-06-25'),
(577, 'Anggrami Asprika', 15, 243, 1, 4, 2, '2015-06-25'),
(578, 'Desy Deratus Kartika Meo ', 6, 277, 3, 4, 2, '2015-07-27'),
(579, 'Edric Ivanda', 13, 290, 1, 4, 2, '2015-05-08'),
(580, 'Sri Devi', 9, 251, 3, 4, 2, '2015-04-07'),
(581, 'Blasius Richardus Gegalino baut', 1, 79, 3, 4, 2, '2014-06-24'),
(582, 'Winda Agustina', 10, 239, 3, 4, 2, '2015-06-20'),
(583, 'Muhammad Abi Risfansyah', 15, 288, 3, 4, 2, '2015-07-31'),
(584, 'Randi Sanjaya ', 13, 281, 3, 4, 2, '2015-07-29'),
(585, 'Nony Herbiana', 9, 36, 1, 4, 2, '2014-04-30'),
(586, 'Catur Rachmat Hidayat ', 15, 288, 3, 4, 2, '2015-07-31'),
(587, 'Arvin Dwi Septian ', 4, 71, 3, 3, 2, '2014-06-12'),
(588, 'Ipan Saidin ', 15, 236, 3, 4, 2, '2015-06-17'),
(589, 'Abdul Rahman Wahid ', 15, 287, 3, 4, 2, '2015-07-29'),
(590, 'M Rizky Prabowo', 2, 290, 1, 4, 2, '2015-04-08'),
(591, 'Nurfahatun Qolbi', 7, 23, 3, 4, 2, '2014-02-19'),
(592, 'Lanny Secawati', 7, 97, 1, 4, 2, '2014-07-03'),
(593, 'Stella Budianto', 9, 221, 3, 4, 2, '2015-06-03'),
(594, 'Anindya Putra Pratama', 2, 72, 5, 4, 2, '2014-06-20'),
(595, 'Alvi Septiasari', 5, 246, 2, 4, 2, '2015-06-30'),
(596, 'Ghani Ali Maftha', 12, 55, 3, 4, 2, '2014-06-05'),
(597, 'Dwiki Setiawan ', 2, 236, 3, 4, 2, '2015-06-17'),
(598, 'Nurul Dwi Ilhami', 6, 287, 3, 4, 2, '2015-07-30'),
(599, 'Carelina arda Triwidyastuti', 6, 97, 1, 4, 2, '2014-07-04'),
(600, 'Dean Indrahati Lelibonto ', 6, 51, 3, 4, 2, '2014-05-31'),
(601, 'Mathias Tri Nugroho H', 6, 42, 3, 4, 2, '2014-05-16'),
(602, 'Nur Fauzy Royhan', 2, 10, 3, 4, 2, '2013-12-23'),
(603, 'Dimas Argi Nairinaldi', 2, 273, 1, 4, 2, '2015-07-23'),
(604, 'Mega Ayu Puspita ', 6, 36, 1, 4, 2, '2015-08-26'),
(605, 'Putri Andam Dewi ', 5, 16, 4, 4, 2, '2014-01-15'),
(606, 'Reza Rifai ', 15, 288, 3, 4, 2, '2015-07-31'),
(607, 'Natigor ilhamsyah ', 15, 273, 1, 4, 2, '2015-07-13'),
(608, 'Dira Aini ', 7, 47, 3, 4, 2, '2014-05-28'),
(609, 'vika', 7, 54, 1, 4, 2, '2014-06-02'),
(610, 'Winda Wahyuning Tyas ', 7, 97, 1, 6, 2, '2014-07-04'),
(611, 'Michael Samuel ', 2, 232, 5, 4, 2, '2015-06-13'),
(612, 'Dhanny Wirawan ', 15, 101, 3, 4, 2, '2014-08-15'),
(613, 'Nuzulur Rahman Al Mubarok ', 2, 231, 3, 4, 2, '2015-06-15'),
(614, 'Abdul Bari salam ', 9, 68, 5, 4, 2, '2014-06-11'),
(615, 'Muhammad rofi Ramadhan ', 9, 68, 5, 4, 2, '2014-06-09'),
(616, 'Ria Yunita Mknolia S', 10, 250, 3, 4, 2, '2015-01-07'),
(617, 'Bayu Bachtiar Rivai ', 6, 17, 3, 4, 2, '2014-01-23'),
(618, 'Nurrachman Ardianto ', 10, 54, 1, 4, 2, '2014-06-03'),
(619, 'Yahya Wisnu Murti ', 12, 290, 1, 7, 1, '2015-05-08'),
(620, 'Andika Surya ', 1, 257, 3, 4, 2, '2015-06-25'),
(621, 'Reza Ari Dharmawan ', 12, 59, 3, 5, 2, '2014-06-06'),
(622, 'Sarah Rosaning Siregar ', 5, 273, 1, 6, 2, '2015-07-13'),
(623, 'Hasanah ', 12, 97, 1, 5, 2, '2014-07-04'),
(624, 'Indriyani Saputri', 15, 288, 3, 5, 2, '2015-07-31'),
(625, 'M Hildani Septian Budi ', 11, 222, 3, 5, 2, '2015-06-03'),
(626, 'Fadil Rahmadhan ', 5, 75, 3, 5, 2, '2014-06-23'),
(627, 'Nailul Ulum ', 13, 65, 3, 5, 2, '2014-06-25'),
(628, 'Ayu Tri Pangesti ', 3, 36, 1, 5, 2, '2014-04-05'),
(629, 'Arda Billy ', 12, 291, 3, 5, 2, '2015-06-08'),
(630, 'Annisa Oktavlia ', 9, 96, 3, 5, 2, '2014-07-02'),
(631, 'Auliya Azizah ', 9, 108, 2, 5, 2, '2014-07-17'),
(632, 'Adi Prayoga ', 11, 71, 3, 5, 2, '2014-06-14'),
(633, 'Besse Normah ', 9, 256, 2, 5, 2, '2015-04-07'),
(634, 'Eva Geulistia ', 3, 81, 1, 6, 2, '2014-06-27'),
(635, 'Agung ', 12, 211, 5, 5, 2, '2015-05-31'),
(636, 'Dandi Aprilindo ', 12, 290, 1, 5, 2, '2015-05-08'),
(637, 'Nurul Amalia ', 7, 26, 2, 5, 2, '2014-02-22'),
(638, 'Lisan Sidqi ', 2, 212, 4, 5, 2, '2015-06-01'),
(639, 'M ibrar Alhafizh ', 11, 72, 5, 5, 2, '2014-06-20'),
(640, 'Syakir Abdul Wadud ', 7, 107, 3, 5, 2, '2014-07-17'),
(641, 'Rizki Rahman Prastino ', 12, 266, 3, 5, 2, '2015-01-07'),
(642, 'Tio Atur Novelia Hutangaol ', 5, 43, 3, 5, 2, '2014-05-22'),
(643, 'Muhammad Rofidi ', 3, 15, 2, 5, 2, '2014-01-04'),
(644, 'Sukma Ismail ', 15, 237, 3, 5, 2, '2015-06-20'),
(645, 'Fahmi Syahrizal ', 12, 290, 1, 5, 2, '2015-06-08'),
(646, 'Tisa Dewi Tamima Nugrohoputri', 13, 81, 1, 5, 2, '2014-06-27'),
(647, 'Rangga Tanjung ', 12, 211, 5, 5, 2, '2015-05-31'),
(648, 'Caroline Tiurma S', 11, 82, 3, 5, 2, '2014-06-27'),
(649, 'Helmod Zakaria ', 1, 79, 3, 5, 2, '2014-06-24'),
(650, 'Devaldy Pahlevy Saputra', 7, 55, 3, 6, 2, '2014-06-05'),
(651, 'Aris Prasetyo', 13, 87, 1, 5, 2, '2014-06-30'),
(652, 'Eva Marisa', 6, 54, 1, 5, 2, '2014-06-03'),
(653, 'Albert Yudistira ', 2, 289, 3, 5, 2, '2015-01-08'),
(654, 'agnes aviyolla', 9, 83, 3, 5, 2, '2014-06-28'),
(655, 'M Faishal Hassan Joenoes', 7, 72, 5, 5, 2, '2014-08-29'),
(656, 'jhon Brian ', 2, 290, 1, 5, 2, '2015-06-08'),
(657, 'Bella rizqi', 3, 97, 1, 5, 2, '2014-07-04'),
(658, 'Putri Laila Septiani ', 6, 71, 3, 5, 2, '2014-06-03'),
(659, 'Selly Mudyana Putri ', 6, 92, 3, 5, 2, '2014-06-30'),
(660, 'Irfan Muzaki ', 7, 36, 1, 5, 2, '2014-04-05'),
(661, 'Dendy Anugrah Putra ', 5, 46, 3, 5, 2, '2014-05-28'),
(662, 'Diana', 10, 30, 3, 5, 2, '2014-03-01'),
(663, 'Atika Marsahani', 4, 106, 3, 5, 2, '2014-07-17'),
(664, 'Ratu Saidah Kurnia', 9, 102, 3, 6, 2, '2014-08-15'),
(665, 'Arief Riyadi', 2, 228, 3, 6, 2, '2015-10-06'),
(666, 'Deden Septiyono', 2, 104, 3, 5, 2, '2014-07-16'),
(667, 'Grace Scandioviani Putri ', 5, 63, 3, 5, 2, '2014-06-07'),
(668, 'Anita Chairunnisa ', 3, 270, 3, 5, 2, '2015-06-29'),
(669, 'Atikah Apriyatni', 9, 254, 3, 5, 2, '2015-06-30'),
(670, 'Nia Veronika S Pandia', 7, 93, 3, 6, 2, '2014-06-30');

-- --------------------------------------------------------

--
-- Struktur dari tabel `pj`
--

CREATE TABLE IF NOT EXISTS `pj` (
  `id_pj` int(2) NOT NULL AUTO_INCREMENT,
  `nama_pj` varchar(50) NOT NULL,
  PRIMARY KEY (`id_pj`)
) ENGINE=InnoDB  DEFAULT CHARSET=latin1 AUTO_INCREMENT=8 ;

--
-- Dumping data untuk tabel `pj`
--

INSERT INTO `pj` (`id_pj`, `nama_pj`) VALUES
(1, 'Andre'),
(2, 'Dwi'),
(3, 'Non pj'),
(4, 'Raka'),
(5, 'Rini'),
(6, 'Selamet'),
(7, 'Yogi');

-- --------------------------------------------------------

--
-- Struktur dari tabel `prodi`
--

CREATE TABLE IF NOT EXISTS `prodi` (
  `id_prodi` int(2) NOT NULL AUTO_INCREMENT,
  `nama_prodi` varchar(50) NOT NULL,
  PRIMARY KEY (`id_prodi`)
) ENGINE=InnoDB  DEFAULT CHARSET=latin1 AUTO_INCREMENT=17 ;

--
-- Dumping data untuk tabel `prodi`
--

INSERT INTO `prodi` (`id_prodi`, `nama_prodi`) VALUES
(1, 'Sistem Informasi'),
(2, 'Informatika'),
(3, 'Akuntansi S1'),
(4, 'Teknik Arsitektur'),
(5, 'Public Relation'),
(6, 'Psikologi'),
(7, 'Manajemen S1'),
(8, 'Marketing Communication'),
(9, 'Broadcasting'),
(10, 'Akuntansi D3'),
(11, 'Teknik Sipil'),
(12, 'Teknik Industri'),
(13, 'Desain Produk'),
(14, 'Desain Interior'),
(15, 'Desain Komunikasi Visual'),
(16, 'Manajemen D3');

-- --------------------------------------------------------

--
-- Struktur dari tabel `status_beasiswa`
--

CREATE TABLE IF NOT EXISTS `status_beasiswa` (
  `id_status` int(2) NOT NULL AUTO_INCREMENT,
  `status` varchar(1) NOT NULL,
  PRIMARY KEY (`id_status`)
) ENGINE=InnoDB  DEFAULT CHARSET=latin1 AUTO_INCREMENT=3 ;

--
-- Dumping data untuk tabel `status_beasiswa`
--

INSERT INTO `status_beasiswa` (`id_status`, `status`) VALUES
(1, 'Y'),
(2, 'T');

-- --------------------------------------------------------

--
-- Struktur dari tabel `user`
--

CREATE TABLE IF NOT EXISTS `user` (
  `id_user` int(2) NOT NULL AUTO_INCREMENT,
  `username` varchar(20) NOT NULL,
  `password` varchar(100) NOT NULL,
  `status_user` varchar(20) NOT NULL,
  PRIMARY KEY (`id_user`)
) ENGINE=InnoDB  DEFAULT CHARSET=latin1 AUTO_INCREMENT=7 ;

--
-- Dumping data untuk tabel `user`
--

INSERT INTO `user` (`id_user`, `username`, `password`, `status_user`) VALUES
(2, 'admin', '21232f297a57a5a743894a0e4a801fc3', 'Admin'),
(3, 'reguler1', '7e718e4a3370679b21a78cc42f7eef59', 'Employee'),
(4, 'reguler2', '99c9617f73d051cb8e980f70c8d204f1', 'Employee'),
(5, 'manajer1', '2aec66ab2c8e0cc2fdb925085264517f', 'Manager'),
(6, 'manajer2', '7e6f1f107c3cd5cfd291a9b5b538fc3e', 'Manager');

--
-- Ketidakleluasaan untuk tabel pelimpahan (Dumped Tables)
--

--
-- Ketidakleluasaan untuk tabel `mahasiswa`
--
ALTER TABLE `mahasiswa`
  ADD CONSTRAINT `mahasiswa_ibfk_1` FOREIGN KEY (`id_prodi`) REFERENCES `prodi` (`id_prodi`) ON DELETE CASCADE ON UPDATE CASCADE,
  ADD CONSTRAINT `mahasiswa_ibfk_2` FOREIGN KEY (`id_sekolah`) REFERENCES `asal_sekolah` (`id_sekolah`) ON DELETE CASCADE ON UPDATE CASCADE,
  ADD CONSTRAINT `mahasiswa_ibfk_3` FOREIGN KEY (`id_pj`) REFERENCES `pj` (`id_pj`) ON DELETE CASCADE ON UPDATE CASCADE,
  ADD CONSTRAINT `mahasiswa_ibfk_4` FOREIGN KEY (`id_gelombang`) REFERENCES `gelombang_masuk` (`id_gelombang`) ON DELETE CASCADE ON UPDATE CASCADE,
  ADD CONSTRAINT `mahasiswa_ibfk_5` FOREIGN KEY (`id_status`) REFERENCES `status_beasiswa` (`id_status`) ON DELETE CASCADE ON UPDATE CASCADE;

/*!40101 SET CHARACTER_SET_CLIENT=@OLD_CHARACTER_SET_CLIENT */;
/*!40101 SET CHARACTER_SET_RESULTS=@OLD_CHARACTER_SET_RESULTS */;
/*!40101 SET COLLATION_CONNECTION=@OLD_COLLATION_CONNECTION */;
